facility_id,client_id,portfolio_id,facility_type,facility_name,currency,limit_amount,drawn_amount,available_amount,interest_rate_pct,collateral_type,collateral_value,ltv_current_pct,ltv_threshold_pct,ltv_margin_call_pct,margin_call_proximity_pct,status,review_date,facility_start_date,maturity_date,notes
CF-0014-001,CL-0014,PF-0014A,Lombard Loan,Lau Lombard Facility — Core Portfolio,HKD,200000000,142000000,58000000,2.85,Portfolio Securities,290000000,48.97,60.00,70.00,18.38,Active,2027-04-20,2020-06-01,2027-04-30,Primary credit line — secured on PF-0014A equities and bonds. Current collateral value based on Aug 26 2026 portfolio value.
CF-0014-002,CL-0014,PF-0014A,Property Mortgage,Lau Central HK Office Mortgage,HKD,80000000,80000000,0,1.95,Direct Real Estate,120000000,66.67,75.00,80.00,10.00,Active,2026-12-01,2018-03-01,2031-03-01,Mortgage on co-investment property (Central HK office). Collateral value is current estimated market value.
CF-0014-003,CL-0014,PF-0014B,Structured Product Facility,Lau Structured Products Facility,HKD,10000000,7200000,2800000,3.20,Structured Products,9300000,77.42,80.00,85.00,3.30,Active,2027-09-01,2023-07-01,2027-09-30,Facility against structured products in PF-0014B. NOTE: collateral value declined due to autocallable mark-down. NEAR THRESHOLD.
CF-0019-001,CL-0019,PF-0019A,Lombard Loan,Al-Mansoori Core Lombard Facility,USD,100000000,42000000,58000000,2.60,Portfolio Securities,115000000,36.52,60.00,70.00,38.61,Active,2027-12-10,2018-06-01,2027-12-31,Secured on liquid PF-0019A holdings. Well within LTV.
CF-0003-001,CL-0003,PF-0003A,Lombard Loan,Voss-Brenner Lombard Facility,EUR,20000000,0,20000000,2.90,Portfolio Securities,60500000,0.00,60.00,70.00,100.00,Active,2027-09-01,2022-06-01,2027-09-30,Facility available but undrawn. Held for liquidity flexibility.
CF-0005-001,CL-0005,PF-0005,Lombard Loan,Sorokina Growth Facility,CHF,40000000,18000000,22000000,2.75,Portfolio Securities,95000000,18.95,60.00,70.00,68.43,Active,2027-11-15,2016-03-01,2027-11-30,Moderate utilisation — well within LTV.
CF-0010-001,CL-0010,PF-0010,Margin Facility,Cohen Aggressive Margin Facility,USD,50000000,35000000,15000000,3.10,Portfolio Securities,138000000,25.36,50.00,60.00,49.27,Active,2027-05-12,2015-09-01,2027-05-31,Concentrated portfolio — Nvidia collateral risk elevated. LTV well within but concentration note applies.
CF-0006-001,CL-0006,PF-0006,Lombard Loan,Adeyemi Lombard Facility,USD,30000000,12000000,18000000,2.80,Portfolio Securities,87300000,13.75,60.00,70.00,77.08,Active,2027-07-22,2019-01-01,2027-07-31,
CF-0016-001,CL-0016,PF-0016,Lombard Loan,Han Lombard Facility,USD,25000000,8000000,17000000,2.95,Portfolio Securities,79500000,10.07,60.00,70.00,83.22,Active,2027-09-20,2020-01-01,2027-09-30,
